{"faits": 
	[{
		"start": {"@id": "/c/en/islay/n/wn/location", "@type": "Node", "label": "Islay", "language": "en", "sense_label": "n, location", "term": "/c/en/islay"}, 
		"end": {"@id": "/c/en/inner_hebrides/n/wn/location", "@type": "Node", "label": "Inner Hebrides", "language": "en", "sense_label": "n, location", "term": "/c/en/inner_hebrides"}, 
		"rel": {"@id": "/r/PartOf", "@type": "Relation", "label": "PartOf"}},
		 {"start": {"@id": "/c/en/engines_of_creation", "@type": "Node", "label": "Engines of Creation", "language": "en", "term": "/c/en/engines_of_creation"}, "end": {"@id": "/c/en/best_book_for_understanding_nanotechnology", "@type": "Node", "label": "best book for understanding Nanotechnology", "language": "en", "term": "/c/en/best_book_for_understanding_nanotechnology"}, "rel": {"@id": "/r/DefinedAs", "@type": "Relation", "label": "DefinedAs"}}, {"start": {"@id": "/c/en/sky", "@type": "Node", "label": "the sky", "language": "en", "term": "/c/en/sky"}, "end": {"@id": "/c/en/red_at_sunrise_and_sunset", "@type": "Node", "label": "red at sunrise and sunset", "language": "en", "term": "/c/en/red_at_sunrise_and_sunset"}, "rel": {"@id": "/r/HasProperty", "@type": "Relation", "label": "HasProperty"}}, {"start": {"@id": "/c/en/forgetting", "@type": "Node", "label": "Forgetting", "language": "en", "term": "/c/en/forgetting"}, "end": {"@id": "/c/en/reverse_of_remembering", "@type": "Node", "label": "reverse of remembering", "language": "en", "term": "/c/en/reverse_of_remembering"}, "rel": {"@id": "/r/DefinedAs", "@type": "Relation", "label": "DefinedAs"}}, {"start": {"@id": "/c/en/set_cup_on_table", "@type": "Node", "label": "set a cup on the table", "language": "en", "term": "/c/en/set_cup_on_table"}, "end": {"@id": "/c/en/keep_open_side_up", "@type": "Node", "label": "keep the open side up", "language": "en", "term": "/c/en/keep_open_side_up"}, "rel": {"@id": "/r/HasFirstSubevent", "@type": "Relation", "label": "HasFirstSubevent"}}, {"start": {"@id": "/c/en/person", "@type": "Node", "label": "a person", "language": "en", "term": "/c/en/person"}, "end": {"@id": "/c/en/believe_in_god", "@type": "Node", "label": "believe in god", "language": "en", "term": "/c/en/believe_in_god"}, "rel": {"@id": "/r/CapableOf", "@type": "Relation", "label": "CapableOf"}}, {"start": {"@id": "/c/fr/non_r\u00e9sistance/n", "@type": "Node", "label": "non r\u00e9sistance", "language": "fr", "sense_label": "n", "term": "/c/fr/non_r\u00e9sistance"}, "end": {"@id": "/c/fr/vindicte", "@type": "Node", "label": "vindicte", "language": "fr", "term": "/c/fr/vindicte"}, "rel": {"@id": "/r/Antonym", "@type": "Relation", "label": "Antonym"}}, {"start": {"@id": "/c/en/cat", "@type": "Node", "label": "A cat", "language": "en", "term": "/c/en/cat"}, "end": {"@id": "/c/en/wash_paws", "@type": "Node", "label": "wash its paws", "language": "en", "term": "/c/en/wash_paws"}, "rel": {"@id": "/r/CapableOf", "@type": "Relation", "label": "CapableOf"}}, {"start": {"@id": "/c/fr/d\u00e9sintoxiquer", "@type": "Node", "label": "d\u00e9sintoxiquer", "language": "fr", "term": "/c/fr/d\u00e9sintoxiquer"}, "end": {"@id": "/c/fr/assainir/v", "@type": "Node", "label": "assainir", "language": "fr", "sense_label": "v", "term": "/c/fr/assainir"}, "rel": {"@id": "/r/MannerOf", "@type": "Relation", "label": "MannerOf"}}, {"start": {"@id": "/c/fr/r\u00e2ble/n", "@type": "Node", "label": "r\u00e2ble", "language": "fr", "sense_label": "n", "term": "/c/fr/r\u00e2ble"}, "end": {"@id": "/c/fr/\u00e9chine", "@type": "Node", "label": "\u00e9chine", "language": "fr", "term": "/c/fr/\u00e9chine"}, "rel": {"@id": "/r/SimilarTo", "@type": "Relation", "label": "SimilarTo"}}, {"start": {"@id": "/c/en/most_books", "@type": "Node", "label": "Most books", "language": "en", "term": "/c/en/most_books"}, "end": {"@id": "/c/en/words", "@type": "Node", "label": "words", "language": "en", "term": "/c/en/words"}, "rel": {"@id": "/r/HasA", "@type": "Relation", "label": "HasA"}}, {"start": {"@id": "/c/en/person", "@type": "Node", "label": "a person", "language": "en", "term": "/c/en/person"}, "end": {"@id": "/c/en/complemented", "@type": "Node", "label": "be complemented", "language": "en", "term": "/c/en/complemented"}, "rel": {"@id": "/r/Desires", "@type": "Relation", "label": "Desires"}}, {"start": {"@id": "/c/fr/aristocrate/a", "@type": "Node", "label": "aristocrate", "language": "fr", "sense_label": "a", "term": "/c/fr/aristocrate"}, "end": {"@id": "/c/fr/modeste", "@type": "Node", "label": "modeste", "language": "fr", "term": "/c/fr/modeste"}, "rel": {"@id": "/r/Antonym", "@type": "Relation", "label": "Antonym"}}, {"start": {"@id": "/c/en/bread", "@type": "Node", "label": "Bread", "language": "en", "term": "/c/en/bread"}, "end": {"@id": "/c/en/dough", "@type": "Node", "label": "dough", "language": "en", "term": "/c/en/dough"}, "rel": {"@id": "/r/MadeOf", "@type": "Relation", "label": "MadeOf"}}, {"start": {"@id": "/c/fr/viande_de_b\u0153uf/n", "@type": "Node", "label": "viande de b\u0153uf", "language": "fr", "sense_label": "n", "term": "/c/fr/viande_de_b\u0153uf"}, "end": {"@id": "/c/fr/viande_de_ch\u00e8vre", "@type": "Node", "label": "viande de ch\u00e8vre", "language": "fr", "term": "/c/fr/viande_de_ch\u00e8vre"}, "rel": {"@id": "/r/DistinctFrom", "@type": "Relation", "label": "DistinctFrom"}}, {"start": {"@id": "/c/en/vacuum", "@type": "Node", "label": "vacuum", "language": "en", "term": "/c/en/vacuum"}, "end": {"@id": "/c/en/outer_space", "@type": "Node", "label": "outer space", "language": "en", "term": "/c/en/outer_space"}, "rel": {"@id": "/r/LocatedNear", "@type": "Relation", "label": "LocatedNear"}}, {"start": {"@id": "/c/en/stuffing_nut/n/wn/artifact", "@type": "Node", "label": "stuffing nut", "language": "en", "sense_label": "n, artifact", "term": "/c/en/stuffing_nut"}, "end": {"@id": "/c/en/stuffing_box/n/wn/artifact", "@type": "Node", "label": "stuffing box", "language": "en", "sense_label": "n, artifact", "term": "/c/en/stuffing_box"}, "rel": {"@id": "/r/PartOf", "@type": "Relation", "label": "PartOf"}}, {"start": {"@id": "/c/fr/un_fruit", "@type": "Node", "label": "un fruit", "language": "fr", "term": "/c/fr/un_fruit"}, "end": {"@id": "/c/fr/un_arbre", "@type": "Node", "label": "un arbre", "language": "fr", "term": "/c/fr/un_arbre"}, "rel": {"@id": "/r/AtLocation", "@type": "Relation", "label": "AtLocation"}}, {"start": {"@id": "/c/en/pushy/a", "@type": "Node", "label": "pushy", "language": "en", "sense_label": "a", "term": "/c/en/pushy"}, "end": {"@id": "/c/en/nonassertive", "@type": "Node", "label": "nonassertive", "language": "en", "term": "/c/en/nonassertive"}, "rel": {"@id": "/r/DistinctFrom", "@type": "Relation", "label": "DistinctFrom"}}, {"start": {"@id": "/c/fr/zacharoiss/n", "@type": "Node", "label": "zacharoiss", "language": "fr", "sense_label": "n", "term": "/c/fr/zacharoiss"}, "end": {"@id": "/c/fr/zacharois", "@type": "Node", "label": "zacharois", "language": "fr", "term": "/c/fr/zacharois"}, "rel": {"@id": "/r/FormOf", "@type": "Relation", "label": "FormOf"}}, {"start": {"@id": "/c/en/get/v/wn/communication", "@type": "Node", "label": "get", "language": "en", "sense_label": "v, communication", "term": "/c/en/get"}, "end": {"@id": "/c/en/communicate/v/wn/communication", "@type": "Node", "label": "communicate", "language": "en", "sense_label": "v, communication", "term": "/c/en/communicate"}, "rel": {"@id": "/r/MannerOf", "@type": "Relation", "label": "MannerOf"}}, {"start": {"@id": "/c/fr/chuchoter", "@type": "Node", "label": "chuchoter", "language": "fr", "term": "/c/fr/chuchoter"}, "end": {"@id": "/c/fr/parler/v", "@type": "Node", "label": "parler", "language": "fr", "sense_label": "v", "term": "/c/fr/parler"}, "rel": {"@id": "/r/MannerOf", "@type": "Relation", "label": "MannerOf"}}, {"start": {"@id": "/c/en/bathroom", "@type": "Node", "label": "the bathroom", "language": "en", "term": "/c/en/bathroom"}, "end": {"@id": "/c/en/bedroom", "@type": "Node", "label": "the bedroom", "language": "en", "term": "/c/en/bedroom"}, "rel": {"@id": "/r/LocatedNear", "@type": "Relation", "label": "LocatedNear"}}, {"start": {"@id": "/c/en/traveling", "@type": "Node", "label": "traveling", "language": "en", "term": "/c/en/traveling"}, "end": {"@id": "/c/en/finding_restaurant_within_hotel", "@type": "Node", "label": "finding a restaurant within a hotel", "language": "en", "term": "/c/en/finding_restaurant_within_hotel"}, "rel": {"@id": "/r/HasSubevent", "@type": "Relation", "label": "HasSubevent"}}, {"start": {"@id": "/c/en/semicircular_canal/n/wn/body", "@type": "Node", "label": "semicircular canal", "language": "en", "sense_label": "n, body", "term": "/c/en/semicircular_canal"}, "end": {"@id": "/c/en/inner_ear/n/wn/body", "@type": "Node", "label": "inner ear", "language": "en", "sense_label": "n, body", "term": "/c/en/inner_ear"}, "rel": {"@id": "/r/PartOf", "@type": "Relation", "label": "PartOf"}}, {"start": {"@id": "/c/en/florida", "@type": "Node", "label": "Florida", "language": "en", "term": "/c/en/florida"}, "end": {"@id": "/c/en/united_states", "@type": "Node", "label": "the United States", "language": "en", "term": "/c/en/united_states"}, "rel": {"@id": "/r/PartOf", "@type": "Relation", "label": "PartOf"}}, {"start": {"@id": "/c/en/messers/n", "@type": "Node", "label": "messers", "language": "en", "sense_label": "n", "term": "/c/en/messers"}, "end": {"@id": "/c/en/messer", "@type": "Node", "label": "messer", "language": "en", "term": "/c/en/messer"}, "rel": {"@id": "/r/FormOf", "@type": "Relation", "label": "FormOf"}}, {"start": {"@id": "/c/en/climb_mountain", "@type": "Node", "label": "climb a mountain", "language": "en", "term": "/c/en/climb_mountain"}, "end": {"@id": "/c/en/take_first_step", "@type": "Node", "label": "take the first step", "language": "en", "term": "/c/en/take_first_step"}, "rel": {"@id": "/r/HasFirstSubevent", "@type": "Relation", "label": "HasFirstSubevent"}}, {"start": {"@id": "/c/en/snake", "@type": "Node", "label": "a snake", "language": "en", "term": "/c/en/snake"}, "end": {"@id": "/c/en/creeks", "@type": "Node", "label": "creeks", "language": "en", "term": "/c/en/creeks"}, "rel": {"@id": "/r/AtLocation", "@type": "Relation", "label": "AtLocation"}}, {"start": {"@id": "/c/en/dress/a", "@type": "Node", "label": "dress", "language": "en", "sense_label": "a", "term": "/c/en/dress"}, "end": {"@id": "/c/en/informal", "@type": "Node", "label": "informal", "language": "en", "term": "/c/en/informal"}, "rel": {"@id": "/r/DistinctFrom", "@type": "Relation", "label": "DistinctFrom"}}, {"start": {"@id": "/c/en/knit", "@type": "Node", "label": "knit", "language": "en", "term": "/c/en/knit"}, "end": {"@id": "/c/en/block", "@type": "Node", "label": "block", "language": "en", "term": "/c/en/block"}, "rel": {"@id": "/r/HasLastSubevent", "@type": "Relation", "label": "HasLastSubevent"}}, {"start": {"@id": "/c/fr/chicanes", "@type": "Node", "label": "chicanes", "language": "fr", "term": "/c/fr/chicanes"}, "end": {"@id": "/c/fr/chicaner/v", "@type": "Node", "label": "chicaner", "language": "fr", "sense_label": "v", "term": "/c/fr/chicaner"}, "rel": {"@id": "/r/FormOf", "@type": "Relation", "label": "FormOf"}}, {"start": {"@id": "/c/en/fish", "@type": "Node", "label": "Fish", "language": "en", "term": "/c/en/fish"}, "end": {"@id": "/c/en/bones", "@type": "Node", "label": "bones", "language": "en", "term": "/c/en/bones"}, "rel": {"@id": "/r/HasA", "@type": "Relation", "label": "HasA"}}, {"start": {"@id": "/c/en/person", "@type": "Node", "label": "a person", "language": "en", "term": "/c/en/person"}, "end": {"@id": "/c/en/good_memory", "@type": "Node", "label": "a good memory", "language": "en", "term": "/c/en/good_memory"}, "rel": {"@id": "/r/Desires", "@type": "Relation", "label": "Desires"}}, {"start": {"@id": "/c/en/meeting_girls", "@type": "Node", "label": "meeting girls", "language": "en", "term": "/c/en/meeting_girls"}, "end": {"@id": "/c/en/get_nervous", "@type": "Node", "label": "you get nervous", "language": "en", "term": "/c/en/get_nervous"}, "rel": {"@id": "/r/HasSubevent", "@type": "Relation", "label": "HasSubevent"}}, {"start": {"@id": "/c/en/food", "@type": "Node", "label": "Food", "language": "en", "term": "/c/en/food"}, "end": {"@id": "/c/en/eaten", "@type": "Node", "label": "eaten", "language": "en", "term": "/c/en/eaten"}, "rel": {"@id": "/r/ReceivesAction", "@type": "Relation", "label": "ReceivesAction"}}, {"start": {"@id": "/c/fr/comprendre", "@type": "Node", "label": "comprendre", "language": "fr", "term": "/c/fr/comprendre"}, "end": {"@id": "/c/fr/apprendre", "@type": "Node", "label": "apprendre", "language": "fr", "term": "/c/fr/apprendre"}, "rel": {"@id": "/r/MotivatedByGoal", "@type": "Relation", "label": "MotivatedByGoal"}}, {"start": {"@id": "/c/en/expert", "@type": "Node", "label": "An expert", "language": "en", "term": "/c/en/expert"}, "end": {"@id": "/c/en/answer_questions", "@type": "Node", "label": "answer questions", "language": "en", "term": "/c/en/answer_questions"}, "rel": {"@id": "/r/CapableOf", "@type": "Relation", "label": "CapableOf"}}, {"start": {"@id": "/c/fr/isostatisme/n", "@type": "Node", "label": "isostatisme", "language": "fr", "sense_label": "n", "term": "/c/fr/isostatisme"}, "end": {"@id": "/c/fr/hyperstatisme", "@type": "Node", "label": "hyperstatisme", "language": "fr", "term": "/c/fr/hyperstatisme"}, "rel": {"@id": "/r/Antonym", "@type": "Relation", "label": "Antonym"}}, {"start": {"@id": "/c/en/combles/n", "@type": "Node", "label": "combles", "language": "en", "sense_label": "n", "term": "/c/en/combles"}, "end": {"@id": "/c/en/comble", "@type": "Node", "label": "comble", "language": "en", "term": "/c/en/comble"}, "rel": {"@id": "/r/FormOf", "@type": "Relation", "label": "FormOf"}}, {"start": {"@id": "/c/en/strengthen/v", "@type": "Node", "label": "strengthen", "language": "en", "sense_label": "v", "term": "/c/en/strengthen"}, "end": {"@id": "/c/en/weaken", "@type": "Node", "label": "weaken", "language": "en", "term": "/c/en/weaken"}, "rel": {"@id": "/r/Antonym", "@type": "Relation", "label": "Antonym"}}, {"start": {"@id": "/c/en/slaves", "@type": "Node", "label": "Slaves", "language": "en", "term": "/c/en/slaves"}, "end": {"@id": "/c/en/work_for_nothing", "@type": "Node", "label": "work for nothing", "language": "en", "term": "/c/en/work_for_nothing"}, "rel": {"@id": "/r/CapableOf", "@type": "Relation", "label": "CapableOf"}}, {"start": {"@id": "/c/en/rockets", "@type": "Node", "label": "Rockets", "language": "en", "term": "/c/en/rockets"}, "end": {"@id": "/c/en/launched_from_launch_pad", "@type": "Node", "label": "launched from a launch pad", "language": "en", "term": "/c/en/launched_from_launch_pad"}, "rel": {"@id": "/r/ReceivesAction", "@type": "Relation", "label": "ReceivesAction"}}, {"start": {"@id": "/c/en/sermons", "@type": "Node", "label": "sermons", "language": "en", "term": "/c/en/sermons"}, "end": {"@id": "/c/en/church", "@type": "Node", "label": "church", "language": "en", "term": "/c/en/church"}, "rel": {"@id": "/r/AtLocation", "@type": "Relation", "label": "AtLocation"}}, {"start": {"@id": "/c/en/wisconsin_state_flower", "@type": "Node", "label": "The Wisconsin state flower", "language": "en", "term": "/c/en/wisconsin_state_flower"}, "end": {"@id": "/c/en/wood_violet", "@type": "Node", "label": "wood violet", "language": "en", "term": "/c/en/wood_violet"}, "rel": {"@id": "/r/DefinedAs", "@type": "Relation", "label": "DefinedAs"}}, {"start": {"@id": "/c/fr/novembre/n", "@type": "Node", "label": "novembre", "language": "fr", "sense_label": "n", "term": "/c/fr/novembre"}, "end": {"@id": "/c/fr/septembre", "@type": "Node", "label": "septembre", "language": "fr", "term": "/c/fr/septembre"}, "rel": {"@id": "/r/DistinctFrom", "@type": "Relation", "label": "DistinctFrom"}}, {"start": {"@id": "/c/en/spiritship", "@type": "Node", "label": "spiritship", "language": "en", "term": "/c/en/spiritship"}, "end": {"@id": "/c/en/spirit", "@type": "Node", "label": "spirit", "language": "en", "term": "/c/en/spirit"}, "rel": {"@id": "/r/DerivedFrom", "@type": "Relation", "label": "DerivedFrom"}}, {"start": {"@id": "/c/en/have_party", "@type": "Node", "label": "have a party", "language": "en", "term": "/c/en/have_party"}, "end": {"@id": "/c/en/package_up_unfinished_food", "@type": "Node", "label": "package up unfinished food", "language": "en", "term": "/c/en/package_up_unfinished_food"}, "rel": {"@id": "/r/HasLastSubevent", "@type": "Relation", "label": "HasLastSubevent"}}, {"start": {"@id": "/c/fr/construire_une_maison", "@type": "Node", "label": "construire une maison", "language": "fr", "term": "/c/fr/construire_une_maison"}, "end": {"@id": "/c/fr/habitation", "@type": "Node", "label": "habitation", "language": "fr", "term": "/c/fr/habitation"}, "rel": {"@id": "/r/UsedFor", "@type": "Relation", "label": "UsedFor"}}, {"start": {"@id": "/c/en/driving_car", "@type": "Node", "label": "driving your car", "language": "en", "term": "/c/en/driving_car"}, "end": {"@id": "/c/en/accident", "@type": "Node", "label": "accident", "language": "en", "term": "/c/en/accident"}, "rel": {"@id": "/r/Causes", "@type": "Relation", "label": "Causes"}}, {"start": {"@id": "/c/en/local_group/n", "@type": "Node", "label": "local group", "language": "en", "sense_label": "n", "term": "/c/en/local_group"}, "end": {"@id": "/c/en/local_arm", "@type": "Node", "label": "local arm", "language": "en", "term": "/c/en/local_arm"}, "rel": {"@id": "/r/RelatedTo", "@type": "Relation", "label": "RelatedTo"}}, {"start": {"@id": "/c/fr/un_livre", "@type": "Node", "label": "un livre", "language": "fr", "term": "/c/fr/un_livre"}, "end": {"@id": "/c/fr/page", "@type": "Node", "label": "page", "language": "fr", "term": "/c/fr/page"}, "rel": {"@id": "/r/MadeOf", "@type": "Relation", "label": "MadeOf"}}, {"start": {"@id": "/c/en/atmosphere", "@type": "Node", "label": "atmosphere", "language": "en", "term": "/c/en/atmosphere"}, "end": {"@id": "/c/en/planetary_surface", "@type": "Node", "label": "planetary surface", "language": "en", "term": "/c/en/planetary_surface"}, "rel": {"@id": "/r/LocatedNear", "@type": "Relation", "label": "LocatedNear"}}, {"start": {"@id": "/c/fr/livre", "@type": "Node", "label": "livre", "language": "fr", "term": "/c/fr/livre"}, "end": {"@id": "/c/fr/lire", "@type": "Node", "label": "lire", "language": "fr", "term": "/c/fr/lire"}, "rel": {"@id": "/r/UsedFor", "@type": "Relation", "label": "UsedFor"}}, {"start": {"@id": "/c/en/ball", "@type": "Node", "label": "A ball", "language": "en", "term": "/c/en/ball"}, "end": {"@id": "/c/en/circular", "@type": "Node", "label": "circular", "language": "en", "term": "/c/en/circular"}, "rel": {"@id": "/r/HasProperty", "@type": "Relation", "label": "HasProperty"}}, {"start": {"@id": "/c/fr/platykurtique/a", "@type": "Node", "label": "platykurtique", "language": "fr", "sense_label": "a", "term": "/c/fr/platykurtique"}, "end": {"@id": "/c/fr/leptokurtique", "@type": "Node", "label": "leptokurtique", "language": "fr", "term": "/c/fr/leptokurtique"}, "rel": {"@id": "/r/Antonym", "@type": "Relation", "label": "Antonym"}}, {"start": {"@id": "/c/en/hydrogen", "@type": "Node", "label": "hydrogen", "language": "en", "term": "/c/en/hydrogen"}, "end": {"@id": "/c/en/star", "@type": "Node", "label": "star", "language": "en", "term": "/c/en/star"}, "rel": {"@id": "/r/LocatedNear", "@type": "Relation", "label": "LocatedNear"}}, {"start": {"@id": "/c/fr/un_couteau", "@type": "Node", "label": "un couteau", "language": "fr", "term": "/c/fr/un_couteau"}, "end": {"@id": "/c/fr/m\u00e9tal", "@type": "Node", "label": "m\u00e9tal", "language": "fr", "term": "/c/fr/m\u00e9tal"}, "rel": {"@id": "/r/MadeOf", "@type": "Relation", "label": "MadeOf"}}, {"start": {"@id": "/c/fr/apr\u00e8s_que", "@type": "Node", "label": "apr\u00e8s que", "language": "fr", "term": "/c/fr/apr\u00e8s_que"}, "end": {"@id": "/c/fr/avant_que", "@type": "Node", "label": "avant que", "language": "fr", "term": "/c/fr/avant_que"}, "rel": {"@id": "/r/DistinctFrom", "@type": "Relation", "label": "DistinctFrom"}}, {"start": {"@id": "/c/en/meet_interesting_people", "@type": "Node", "label": "meet interesting people", "language": "en", "term": "/c/en/meet_interesting_people"}, "end": {"@id": "/c/en/introduce_yourself", "@type": "Node", "label": "introduce yourself", "language": "en", "term": "/c/en/introduce_yourself"}, "rel": {"@id": "/r/HasFirstSubevent", "@type": "Relation", "label": "HasFirstSubevent"}}, {"start": {"@id": "/c/fr/m\u00e9tapode/n", "@type": "Node", "label": "m\u00e9tapode", "language": "fr", "sense_label": "n", "term": "/c/fr/m\u00e9tapode"}, "end": {"@id": "/c/fr/autopode", "@type": "Node", "label": "autopode", "language": "fr", "term": "/c/fr/autopode"}, "rel": {"@id": "/r/PartOf", "@type": "Relation", "label": "PartOf"}}, {"start": {"@id": "/c/en/not_thereness", "@type": "Node", "label": "not thereness", "language": "en", "term": "/c/en/not_thereness"}, "end": {"@id": "/c/en/not_there", "@type": "Node", "label": "not there", "language": "en", "term": "/c/en/not_there"}, "rel": {"@id": "/r/DerivedFrom", "@type": "Relation", "label": "DerivedFrom"}}, {"start": {"@id": "/c/fr/akanisiez/v", "@type": "Node", "label": "akanisiez", "language": "fr", "sense_label": "v", "term": "/c/fr/akanisiez"}, "end": {"@id": "/c/fr/akaniser", "@type": "Node", "label": "akaniser", "language": "fr", "term": "/c/fr/akaniser"}, "rel": {"@id": "/r/RelatedTo", "@type": "Relation", "label": "RelatedTo"}}, {"start": {"@id": "/c/en/killing", "@type": "Node", "label": "killing", "language": "en", "term": "/c/en/killing"}, "end": {"@id": "/c/en/wrong", "@type": "Node", "label": "wrong", "language": "en", "term": "/c/en/wrong"}, "rel": {"@id": "/r/HasProperty", "@type": "Relation", "label": "HasProperty"}}, {"start": {"@id": "/c/en/qypchaq/n", "@type": "Node", "label": "qypchaq", "language": "en", "sense_label": "n", "term": "/c/en/qypchaq"}, "end": {"@id": "/c/en/kipchak", "@type": "Node", "label": "kipchak", "language": "en", "term": "/c/en/kipchak"}, "rel": {"@id": "/r/FormOf", "@type": "Relation", "label": "FormOf"}}, {"start": {"@id": "/c/fr/chlamydia/n", "@type": "Node", "label": "chlamydia", "language": "fr", "sense_label": "n", "term": "/c/fr/chlamydia"}, "end": {"@id": "/c/fr/ornithose", "@type": "Node", "label": "ornithose", "language": "fr", "term": "/c/fr/ornithose"}, "rel": {"@id": "/r/RelatedTo", "@type": "Relation", "label": "RelatedTo"}}, {"start": {"@id": "/c/en/bursopathy/n", "@type": "Node", "label": "bursopathy", "language": "en", "sense_label": "n", "term": "/c/en/bursopathy"}, "end": {"@id": "/c/en/bursa", "@type": "Node", "label": "bursa", "language": "en", "term": "/c/en/bursa"}, "rel": {"@id": "/r/RelatedTo", "@type": "Relation", "label": "RelatedTo"}}, {"start": {"@id": "/c/fr/livre", "@type": "Node", "label": "livre", "language": "fr", "term": "/c/fr/livre"}, "end": {"@id": "/c/fr/lire", "@type": "Node", "label": "lire", "language": "fr", "term": "/c/fr/lire"}, "rel": {"@id": "/r/UsedFor", "@type": "Relation", "label": "UsedFor"}}, {"start": {"@id": "/c/en/eyeglass_frames", "@type": "Node", "label": "Some eyeglass frames", "language": "en", "term": "/c/en/eyeglass_frames"}, "end": {"@id": "/c/en/tortoise_shell", "@type": "Node", "label": "tortoise shell", "language": "en", "term": "/c/en/tortoise_shell"}, "rel": {"@id": "/r/MadeOf", "@type": "Relation", "label": "MadeOf"}}, {"start": {"@id": "/c/en/store", "@type": "Node", "label": "Store", "language": "en", "term": "/c/en/store"}, "end": {"@id": "/c/en/gas_station", "@type": "Node", "label": "Gas Station", "language": "en", "term": "/c/en/gas_station"}, "rel": {"@id": "/r/LocatedNear", "@type": "Relation", "label": "LocatedNear"}}, {"start": {"@id": "/c/fr/mutiser/v", "@type": "Node", "label": "mutiser", "language": "fr", "sense_label": "v", "term": "/c/fr/mutiser"}, "end": {"@id": "/c/fr/d\u00e9mutiser", "@type": "Node", "label": "d\u00e9mutiser", "language": "fr", "term": "/c/fr/d\u00e9mutiser"}, "rel": {"@id": "/r/Antonym", "@type": "Relation", "label": "Antonym"}}, {"start": {"@id": "/c/en/lip", "@type": "Node", "label": "a lip", "language": "en", "term": "/c/en/lip"}, "end": {"@id": "/c/en/speak", "@type": "Node", "label": "speak", "language": "en", "term": "/c/en/speak"}, "rel": {"@id": "/r/UsedFor", "@type": "Relation", "label": "UsedFor"}}, {"start": {"@id": "/c/en/giga_electron_volt/n", "@type": "Node", "label": "giga electron volt", "language": "en", "sense_label": "n", "term": "/c/en/giga_electron_volt"}, "end": {"@id": "/c/fr/m\u00e9trologie", "@type": "Node", "label": "m\u00e9trologie", "language": "fr", "term": "/c/fr/m\u00e9trologie"}, "rel": {"@id": "/r/HasContext", "@type": "Relation", "label": "HasContext"}}, {"start": {"@id": "/c/en/debatement", "@type": "Node", "label": "debatement", "language": "en", "term": "/c/en/debatement"}, "end": {"@id": "/c/en/debate/v", "@type": "Node", "label": "debate", "language": "en", "sense_label": "v", "term": "/c/en/debate"}, "rel": {"@id": "/r/DerivedFrom", "@type": "Relation", "label": "DerivedFrom"}}, {"start": {"@id": "/c/en/most_applications", "@type": "Node", "label": "Most applications", "language": "en", "term": "/c/en/most_applications"}, "end": {"@id": "/c/en/computation_data_storage_input_and_output", "@type": "Node", "label": "computation, data storage, input, and output", "language": "en", "term": "/c/en/computation_data_storage_input_and_output"}, "rel": {"@id": "/r/HasA", "@type": "Relation", "label": "HasA"}}, {"start": {"@id": "/c/en/highway", "@type": "Node", "label": "a highway", "language": "en", "term": "/c/en/highway"}, "end": {"@id": "/c/en/go_elsewhere", "@type": "Node", "label": "go elsewhere", "language": "en", "term": "/c/en/go_elsewhere"}, "rel": {"@id": "/r/UsedFor", "@type": "Relation", "label": "UsedFor"}}, {"start": {"@id": "/c/fr/une_maison", "@type": "Node", "label": "une maison", "language": "fr", "term": "/c/fr/une_maison"}, "end": {"@id": "/c/fr/mat\u00e9riaux_de_construction", "@type": "Node", "label": "mat\u00e9riaux de construction", "language": "fr", "term": "/c/fr/mat\u00e9riaux_de_construction"}, "rel": {"@id": "/r/MadeOf", "@type": "Relation", "label": "MadeOf"}}, {"start": {"@id": "/c/en/pray", "@type": "Node", "label": "pray", "language": "en", "term": "/c/en/pray"}, "end": {"@id": "/c/en/kneel_down", "@type": "Node", "label": "kneel down", "language": "en", "term": "/c/en/kneel_down"}, "rel": {"@id": "/r/HasFirstSubevent", "@type": "Relation", "label": "HasFirstSubevent"}}, {"start": {"@id": "/c/fr/un_fruit", "@type": "Node", "label": "un fruit", "language": "fr", "term": "/c/fr/un_fruit"}, "end": {"@id": "/c/fr/un_arbre", "@type": "Node", "label": "un arbre", "language": "fr", "term": "/c/fr/un_arbre"}, "rel": {"@id": "/r/AtLocation", "@type": "Relation", "label": "AtLocation"}}, {"start": {"@id": "/c/fr/la_mati\u00e8re", "@type": "Node", "label": "La mati\u00e8re", "language": "fr", "term": "/c/fr/la_mati\u00e8re"}, "end": {"@id": "/c/fr/atomes", "@type": "Node", "label": "atomes", "language": "fr", "term": "/c/fr/atomes"}, "rel": {"@id": "/r/MadeOf", "@type": "Relation", "label": "MadeOf"}}, {"start": {"@id": "/c/en/person", "@type": "Node", "label": "a person", "language": "en", "term": "/c/en/person"}, "end": {"@id": "/c/en/enjoy_pets", "@type": "Node", "label": "enjoy pets", "language": "en", "term": "/c/en/enjoy_pets"}, "rel": {"@id": "/r/Desires", "@type": "Relation", "label": "Desires"}}, {"start": {"@id": "/c/fr/la_mati\u00e8re", "@type": "Node", "label": "La mati\u00e8re", "language": "fr", "term": "/c/fr/la_mati\u00e8re"}, "end": {"@id": "/c/fr/atomes", "@type": "Node", "label": "atomes", "language": "fr", "term": "/c/fr/atomes"}, "rel": {"@id": "/r/MadeOf", "@type": "Relation", "label": "MadeOf"}}, {"start": {"@id": "/c/en/read_news", "@type": "Node", "label": "read the news", "language": "en", "term": "/c/en/read_news"}, "end": {"@id": "/c/en/recycle_paper", "@type": "Node", "label": "recycle the paper", "language": "en", "term": "/c/en/recycle_paper"}, "rel": {"@id": "/r/HasLastSubevent", "@type": "Relation", "label": "HasLastSubevent"}}, {"start": {"@id": "/c/fr/un_couteau", "@type": "Node", "label": "un couteau", "language": "fr", "term": "/c/fr/un_couteau"}, "end": {"@id": "/c/fr/couper_des_aliments", "@type": "Node", "label": "couper des aliments", "language": "fr", "term": "/c/fr/couper_des_aliments"}, "rel": {"@id": "/r/UsedFor", "@type": "Relation", "label": "UsedFor"}}, {"start": {"@id": "/c/en/abnormality/n", "@type": "Node", "label": "abnormality", "language": "en", "sense_label": "n", "term": "/c/en/abnormality"}, "end": {"@id": "/c/en/normality", "@type": "Node", "label": "normality", "language": "en", "term": "/c/en/normality"}, "rel": {"@id": "/r/Antonym", "@type": "Relation", "label": "Antonym"}}, {"start": {"@id": "/c/en/jerk", "@type": "Node", "label": "a jerk", "language": "en", "term": "/c/en/jerk"}, "end": {"@id": "/c/en/laugh_at_failures", "@type": "Node", "label": "laugh at your failures", "language": "en", "term": "/c/en/laugh_at_failures"}, "rel": {"@id": "/r/CapableOf", "@type": "Relation", "label": "CapableOf"}}, {"start": {"@id": "/c/en/person", "@type": "Node", "label": "a person", "language": "en", "term": "/c/en/person"}, "end": {"@id": "/c/en/step_over_cord", "@type": "Node", "label": "step over a cord", "language": "en", "term": "/c/en/step_over_cord"}, "rel": {"@id": "/r/Desires", "@type": "Relation", "label": "Desires"}}, {"start": {"@id": "/c/fr/octobre/n", "@type": "Node", "label": "octobre", "language": "fr", "sense_label": "n", "term": "/c/fr/octobre"}, "end": {"@id": "/c/fr/juillet", "@type": "Node", "label": "juillet", "language": "fr", "term": "/c/fr/juillet"}, "rel": {"@id": "/r/DistinctFrom", "@type": "Relation", "label": "DistinctFrom"}}, {"start": {"@id": "/c/en/stargazin", "@type": "Node", "label": "stargazin", "language": "en", "term": "/c/en/stargazin"}, "end": {"@id": "/c/en/stargaze", "@type": "Node", "label": "stargaze", "language": "en", "term": "/c/en/stargaze"}, "rel": {"@id": "/r/DerivedFrom", "@type": "Relation", "label": "DerivedFrom"}}, {"start": {"@id": "/c/fr/un_boulanger", "@type": "Node", "label": "Un boulanger", "language": "fr", "term": "/c/fr/un_boulanger"}, "end": {"@id": "/c/fr/faire_le_pain", "@type": "Node", "label": "faire le pain", "language": "fr", "term": "/c/fr/faire_le_pain"}, "rel": {"@id": "/r/UsedFor", "@type": "Relation", "label": "UsedFor"}}, {"start": {"@id": "/c/en/they've", "@type": "Node", "label": "they've", "language": "en", "term": "/c/en/they've"}, "end": {"@id": "/c/en/you've", "@type": "Node", "label": "you've", "language": "en", "term": "/c/en/you've"}, "rel": {"@id": "/r/DistinctFrom", "@type": "Relation", "label": "DistinctFrom"}}, {"start": {"@id": "/c/en/leaf", "@type": "Node", "label": "A leaf", "language": "en", "term": "/c/en/leaf"}, "end": {"@id": "/c/en/tree", "@type": "Node", "label": "a tree", "language": "en", "term": "/c/en/tree"}, "rel": {"@id": "/r/LocatedNear", "@type": "Relation", "label": "LocatedNear"}}, {"start": {"@id": "/c/en/write_program", "@type": "Node", "label": "write a program", "language": "en", "term": "/c/en/write_program"}, "end": {"@id": "/c/en/determine_purpose", "@type": "Node", "label": "determine the purpose", "language": "en", "term": "/c/en/determine_purpose"}, "rel": {"@id": "/r/HasFirstSubevent", "@type": "Relation", "label": "HasFirstSubevent"}}, {"start": {"@id": "/c/fr/virgule_flottante/n", "@type": "Node", "label": "virgule flottante", "language": "fr", "sense_label": "n", "term": "/c/fr/virgule_flottante"}, "end": {"@id": "/c/fr/virgule_fixe", "@type": "Node", "label": "virgule fixe", "language": "fr", "term": "/c/fr/virgule_fixe"}, "rel": {"@id": "/r/Antonym", "@type": "Relation", "label": "Antonym"}}, {"start": {"@id": "/c/en/showing_off_dog", "@type": "Node", "label": "showing off your dog", "language": "en", "term": "/c/en/showing_off_dog"}, "end": {"@id": "/c/en/entertain_people", "@type": "Node", "label": "entertain people", "language": "en", "term": "/c/en/entertain_people"}, "rel": {"@id": "/r/CausesDesire", "@type": "Relation", "label": "CausesDesire"}}, {"start": {"@id": "/c/fr/plan_d\u2019_occupation_des_sols/n", "@type": "Node", "label": "plan d\u2019 occupation des sols", "language": "fr", "sense_label": "n", "term": "/c/fr/plan_d\u2019_occupation_des_sols"}, "end": {"@id": "/c/fr/plan_d\u2019_urbanisme", "@type": "Node", "label": "plan d\u2019 urbanisme", "language": "fr", "term": "/c/fr/plan_d\u2019_urbanisme"}, "rel": {"@id": "/r/SimilarTo", "@type": "Relation", "label": "SimilarTo"}}, {"start": {"@id": "/c/en/empty_bladder", "@type": "Node", "label": "empty your bladder", "language": "en", "term": "/c/en/empty_bladder"}, "end": {"@id": "/c/en/unzip_pants", "@type": "Node", "label": "unzip pants", "language": "en", "term": "/c/en/unzip_pants"}, "rel": {"@id": "/r/HasFirstSubevent", "@type": "Relation", "label": "HasFirstSubevent"}}, {"start": {"@id": "/c/fr/amphibiens/n", "@type": "Node", "label": "amphibiens", "language": "fr", "sense_label": "n", "term": "/c/fr/amphibiens"}, "end": {"@id": "/c/fr/amphibien", "@type": "Node", "label": "amphibien", "language": "fr", "term": "/c/fr/amphibien"}, "rel": {"@id": "/r/FormOf", "@type": "Relation", "label": "FormOf"}}, {"start": {"@id": "/c/en/changing_appearance", "@type": "Node", "label": "changing your appearance", "language": "en", "term": "/c/en/changing_appearance"}, "end": {"@id": "/c/en/disguising_yourself", "@type": "Node", "label": "disguising yourself", "language": "en", "term": "/c/en/disguising_yourself"}, "rel": {"@id": "/r/UsedFor", "@type": "Relation", "label": "UsedFor"}}, {"start": {"@id": "/c/en/ground_game/n", "@type": "Node", "label": "ground game", "language": "en", "sense_label": "n", "term": "/c/en/ground_game"}, "end": {"@id": "/c/en/legal", "@type": "Node", "label": "legal", "language": "en", "term": "/c/en/legal"}, "rel": {"@id": "/r/HasContext", "@type": "Relation", "label": "HasContext"}}, {"start": {"@id": "/c/en/constructive_possession/n/wn/law", "@type": "Node", "label": "constructive possession", "language": "en", "sense_label": "n, law", "term": "/c/en/constructive_possession"}, "end": {"@id": "/c/en/law/n/wn/group", "@type": "Node", "label": "law", "language": "en", "sense_label": "n, group", "term": "/c/en/law"}, "rel": {"@id": "/r/HasContext", "@type": "Relation", "label": "HasContext"}}, {"start": {"@id": "/c/fr/roi/n", "@type": "Node", "label": "roi", "language": "fr", "sense_label": "n", "term": "/c/fr/roi"}, "end": {"@id": "/c/fr/cavalier", "@type": "Node", "label": "cavalier", "language": "fr", "term": "/c/fr/cavalier"}, "rel": {"@id": "/r/DistinctFrom", "@type": "Relation", "label": "DistinctFrom"}}]}